date,tvl_USD,SOL
8/26/2021,39118439.15,513297.9812
8/27/2021,45557061.32,516227.3238
8/28/2021,50227923.27,516854.5305
8/29/2021,47515897.42,505542.0515
8/30/2021,55931026.51,509761.452
8/31/2021,75790278.36,696986.1905
9/1/2021,81193992.3,731213.9076
9/2/2021,108202409.3,841845.5562
9/3/2021,128497608.5,878015.7741
9/4/2021,122787652.9,879126.891
9/5/2021,131281486.2,923671.8936
9/6/2021,160679006.7,990134.3769
9/7/2021,174873026.6,1004844.145
9/8/2021,249144349.7,1318503.121
9/9/2021,249142632.3,1324029.507
9/10/2021,320510203.8,1797690.301
9/11/2021,348013731.3,1953925.84
9/12/2021,374762454.2,2141866.915
9/13/2021,367819864.1,2171437.89
9/14/2021,353995162.9,2371985.814
9/15/2021,373837308.5,2374927.314
9/16/2021,371684912.4,2445617.268
9/17/2021,362288302.4,2444095.678
9/18/2021,416507124.2,2448025.886
9/19/2021,373462001.7,2447165.99
9/20/2021,333672040.3,2499228.824
9/21/2021,306417835.3,2484939.059
9/22/2021,368490708.6,2484597.86
9/23/2021,392329507.1,2610135.767
9/24/2021,355083804.1,2557503.631
9/25/2021,349770629.7,2552325.086
9/26/2021,350359870.2,2582251.402
9/27/2021,349101475.9,2563341.478
9/28/2021,332898165,2546650.589
9/29/2021,350326271.6,2589255.518
9/30/2021,378470576.9,2683998.134
10/1/2021,432492458.5,2682955.698
10/2/2021,461742831.4,2723182.54
10/3/2021,476226731.5,2754825.774
10/4/2021,459815338.2,2744674.615
10/5/2021,456627616.7,2767943.364
10/6/2021,456360812.9,2768339.781
10/7/2021,427139590,2771294.297
10/8/2021,441399003.4,2826762.75
10/9/2021,565314687.2,3548074.357
10/10/2021,556751619.6,3610815.355
10/11/2021,860595711,5774647.46
10/12/2021,846751607.1,5910593.376
10/13/2021,911423926.4,5937615.156
10/14/2021,861222192.8,5804166.281
10/15/2021,869901908.7,5863848.39
10/16/2021,1089425597,6798711.912
10/17/2021,1154737318,7269814.394
10/18/2021,1204720695,7448041.391
10/19/2021,1204287056,7720778.662
10/20/2021,1245399454,7958841.094
10/21/2021,1486815819,7989338.095
10/22/2021,1585762373,7937145.867
10/23/2021,1522373670,7727392.873
10/24/2021,1551244006,7823896.738
10/25/2021,1591989263,7841152.85
10/26/2021,1656407861,7793760.227
10/27/2021,1589651347,7798907.651
10/28/2021,1413445373,7706479.325
10/29/2021,1502409349,7474301.521
10/30/2021,1512159453,7585830.503
10/31/2021,1476627317,7546133.057
11/1/2021,1526872116,7524873.668
11/2/2021,1520534888,7460550.945
11/3/2021,1637198056,7408471.224
11/4/2021,1800534274,7394307.022
11/5/2021,1801378554,7393911.071
11/6/2021,1754903230,7316669.709
11/7/2021,1868957871,7327235.154
11/8/2021,1843287036,7417355.584
11/9/2021,1878988153,7501549.636
11/10/2021,1798421296,7510947.613
11/11/2021,1739620669,7443182.735
11/12/2021,1789871623,7570728.462
11/13/2021,1767299860,7605869.6
11/14/2021,1819806697,7589168.427
11/15/2021,1687717214,7085889.72
11/16/2021,1667187860,7109239.948
11/17/2021,1565603328,7132914.154
11/18/2021,1557374772,7137045.837
11/19/2021,1442832183,7161523.716
11/20/2021,1589413015,7189311.628
11/21/2021,1576980320,7218292.304
11/22/2021,1697393715,7257851.433
11/23/2021,1600951757,7268463.438
11/24/2021,1615883434,7277770.724
11/25/2021,1500594233,7304294.358
11/26/2021,1498403772,7157409.943
11/27/2021,1396536225,7196414.641
11/28/2021,1317374254,7043652.11
11/29/2021,1389679829,7040274.728
11/30/2021,1472276960,7203272.958
12/1/2021,1525624632,7244869.56
12/2/2021,1672104942,7279842.451
12/3/2021,1716533788,7350692.822
12/4/2021,1556131764,7302011.937
12/5/2021,1432562287,7284461.952
12/6/2021,1464326769,7487098.729
12/7/2021,1456438362,7501227.659
12/8/2021,1419085308,7492135.095
12/9/2021,1456662035,7505472.152
12/10/2021,1373167094,7545288.718
12/11/2021,1289168432,7585574.771
12/12/2021,1295974935,7613976.468
12/13/2021,1293769448,7661787.563
12/14/2021,1215321817,7735975.922
12/15/2021,1240055534,7765392.535
12/16/2021,1386052681,7793818.495
12/17/2021,1357833983,7672245.353
12/18/2021,1370131466,7795911.612
12/19/2021,1427073203,7794806.656
12/20/2021,1406079796,7787758.493
12/21/2021,1345132070,7769042.8
12/22/2021,1419312779,7911442.468
12/23/2021,1406226004,7902809.956
12/24/2021,1518617386,7931773.666
12/25/2021,1527861366,7870300.139
12/26/2021,1531493898,7915106.196
12/27/2021,1570162142,7925708.658
12/28/2021,1541106922,7963142.263
12/29/2021,1432232066,7993704.672
12/30/2021,1380680274,8008121.771
12/31/2021,1389810854,8065758.538
1/1/2022,1383770154,8096773.045
1/2/2022,1455609407,8114217.107
1/3/2022,1459147250,8271340.909
1/4/2022,1385459254,8185874.471
1/5/2022,1385797698,8205327.122
1/6/2022,1287850697,8319986.413
1/7/2022,1208523415,8222925.868
1/8/2022,1072555604,7845376.623
1/9/2022,1182224572,8209322.77
1/10/2022,1148487805,8187693.768
1/11/2022,1108577041,8166313.381
1/12/2022,1082518218,7728408.784
1/13/2022,1171232255,7750345.788
1/14/2022,1105800228,7510699.098
1/15/2022,1093581671,7477481.512
1/16/2022,1105539256,7492641.517
1/17/2022,1099831505,7440343.019
1/18/2022,1063548566,7518901.139
1/19/2022,1066115164,7583150.751
1/20/2022,1008016316,7404806.551
1/21/2022,981254813.8,7602501.075
1/22/2022,828172469.5,7414256.665
1/23/2022,699104525.4,7172509.751
1/24/2022,680205044.1,7294424.066
1/25/2022,659999608.1,7317068.826
1/26/2022,684525111.7,7163301.713
1/27/2022,668872229,7251433.532
1/28/2022,645903470.4,7250010.892
1/29/2022,664668521.8,7166237.432
1/30/2022,692426190.7,7190303.122
1/31/2022,656028846.1,7179915.137
2/1/2022,721877899.2,7180721.17
2/2/2022,793729561.2,7196750.034
2/3/2022,707874365.6,6954945.624
2/4/2022,705511607,6976284.061
2/5/2022,778730591.2,6948608.826
2/6/2022,793301130.6,6927184.165
2/7/2022,819484738.7,7111730.788
2/8/2022,829282154.4,7047524.045
2/9/2022,806379308.8,7049386.387
2/10/2022,812752331.1,7109450.062
2/11/2022,755798203.6,7093366.529
2/12/2022,682160035.7,7081491.08
2/13/2022,685051392.2,7173313.008
2/14/2022,670504838.9,7180390.222
2/15/2022,692540208.5,7184027.059
2/16/2022,755339263.5,7180031.021
2/17/2022,704794182.2,6994781.483
2/18/2022,649807333.3,6944611.877
2/19/2022,649634881.9,7203757.839
2/20/2022,661443908.5,7236012.564
2/21/2022,657642032.1,7200723.005
2/22/2022,608285284.6,7285726.25
2/23/2022,633704478.9,7316758.791
2/24/2022,613760805.8,7191947.572
2/25/2022,645206935.2,7245445.651
2/26/2022,677000879.1,7292124.937
2/27/2022,654268450.8,7259163.995
2/28/2022,622254439.6,7269327.566
3/1/2022,716882353,7266927.045
3/2/2022,715413432.3,7232973.737
3/3/2022,737390587.5,7338680.21
3/4/2022,702613042.9,7352585.213
3/5/2022,638637204.2,7355029.416
3/6/2022,662203494.3,7385718.206
3/7/2022,629198168.4,7430304.304
3/8/2022,606441972.9,7345469.633
3/9/2022,604700828.5,7289064.953
3/10/2022,641827161.2,7298466.695
3/11/2022,588998072.6,7190795.662
3/12/2022,595894715,7298159.4
3/13/2022,599109673.5,7364593.405
3/14/2022,580430356.3,7363064.268
3/15/2022,592620415.6,7332596.085
3/16/2022,626814156.5,7238874.656
3/17/2022,631707238,7242687.893
3/18/2022,634286826.1,7227516.25
3/19/2022,664068718.2,7212650.355
3/20/2022,661456934.4,7160949.815
3/21/2022,637930600.7,7134093.051
3/22/2022,633044064.1,7130480.56
3/23/2022,641814879.9,7078028.171
3/24/2022,673880306,7078574.643
3/25/2022,727813785,7113808.865
3/26/2022,697407360.5,7116401.638
3/27/2022,725238780.3,7119956.61
3/28/2022,762389561.4,7125802.051
3/29/2022,758605287.4,7112369.093
3/30/2022,777540557.4,7102124.2
3/31/2022,859155637.1,7129922.3
4/1/2022,886420562,7111846.614
4/2/2022,962440170.6,7162611.971
4/3/2022,952795077.3,7180068.405
4/4/2022,971075490.9,7177732.951
4/5/2022,940393911.7,7180223.804
4/6/2022,908184642.2,7168558.231
4/7/2022,781815245.2,7009281.381
4/8/2022,823309414.3,6933131.91
4/9/2022,779614760.7,6990806.678
4/10/2022,792177966.8,7002987.684
4/11/2022,803165012.2,7162802.214
4/12/2022,715619281.5,7195769.547
4/13/2022,731944691.1,7078768.772
4/14/2022,753662536.2,7176371.513
4/15/2022,717260151.6,7142602.585
4/16/2022,724317612.2,7146695.73
4/17/2022,732295438.4,7153418.369
4/18/2022,721278474.7,7184048.552
4/19/2022,733638791.7,7153961.889
4/20/2022,784683752.6,7255513.2
4/21/2022,762389726.2,7223704.058
4/22/2022,729776889.5,7170140.396
4/23/2022,731540414.6,7272496.417
4/24/2022,730068593.1,7224110.361
4/25/2022,703756949,7087893.535
4/26/2022,719701885.6,7102554.876
4/27/2022,684118833,7156803.359
4/28/2022,711468880.9,7228905.516
4/29/2022,710427672.4,7234497.683
4/30/2022,675684922.1,7186608.403
5/1/2022,611349757.4,7188967.044
5/2/2022,644931171.9,7190669.773
5/3/2022,622924055.5,7111005.2
5/4/2022,606643692.6,7055637.272
5/5/2022,653919523.6,7042752.004
5/6/2022,606292112.9,7227227.476
5/7/2022,591847726.4,7235302.279
5/8/2022,565828985.5,7183305.643
5/9/2022,542673704.4,7241442.546
5/10/2022,461073067.1,7220060.556
5/11/2022,488612182.7,7225853.042
5/12/2022,369216685.5,6942773.326
5/13/2022,323951552.6,6992263.168
5/14/2022,351480487.2,6951750.142
5/15/2022,364427796.4,6948099.074
5/16/2022,405587470.1,6900093.06
5/17/2022,368904980,6740452.767
5/18/2022,389241613.8,6788308.577
5/19/2022,338172608.1,6751299.821
5/20/2022,350289065.6,6754513.413
5/21/2022,347960078.6,7066614.106
5/22/2022,354995755.8,7012954.481
5/23/2022,362831446.7,6869205.73
5/24/2022,340664776.1,6858562.031
5/25/2022,339571126.2,6889249.873
5/26/2022,326035667.5,6716845.231
5/27/2022,300894052.2,6950659.556
5/28/2022,277199576.6,6634743.336
5/29/2022,293474073.4,6650216.936
5/30/2022,295993433.3,6651537.828
5/31/2022,310563667.7,6571385.266
6/1/2022,296999954.8,6480470.321
6/2/2022,257248943.2,6474929.354
6/3/2022,263162414.3,6485027.459
6/4/2022,247056571.4,6457307.147
6/5/2022,253918818.7,6514079.496
6/6/2022,247990318.3,6268713.81
6/7/2022,282956674.2,6687702.061
6/8/2022,265870030.7,6691921.236
6/9/2022,259192927.6,6683675.285
6/10/2022,265491814.9,6697573.533
6/11/2022,250999914.3,6714818.466
6/12/2022,225118318.4,6652432.576
6/13/2022,200273045.3,6653589.545
6/14/2022,181984267.4,6513395.397
6/15/2022,192863486.6,6458924.534
6/16/2022,222890534.7,6362847.123
6/17/2022,190594300.3,6428138.29
6/18/2022,199330231.2,6409332.193
6/19/2022,200942098.6,6307033.854
6/20/2022,210669791.7,6273668.604
6/21/2022,255934854.8,7299910.291
6/22/2022,269376660.7,7468163.59
6/23/2022,258956273.8,7484285.369
6/24/2022,286077271,7444113.22
6/25/2022,313516234.2,7482487.69
6/26/2022,316950280.4,7555429.806
6/27/2022,295254221.6,7491860.483
6/28/2022,286741466.9,7502393.169
6/29/2022,267023693.5,7473375.133
6/30/2022,248339422.6,7382265.834
7/1/2022,256362146.6,7392218.759
7/2/2022,245207117.3,7403596.535
7/3/2022,244286484.9,7378027.331
7/4/2022,252508464.3,7526332.766
7/5/2022,276740911.2,7528316.408
7/6/2022,260812434.2,7273074.015
7/7/2022,279485933.7,7521149.991
7/8/2022,288204368.3,7499463.135
7/9/2022,287954557.3,7516433.236
7/10/2022,283977756.4,7520597.362
7/11/2022,274622597.1,7546650.099
7/12/2022,252771120.9,7543154.907
7/13/2022,248815686.4,7578912.164
7/14/2022,263356875,7576434.839
7/15/2022,280622564.9,7619401.709
7/16/2022,280180122.1,7578580.527
7/17/2022,306298005.8,7602333.228
7/18/2022,294806370.7,7602020.904
7/19/2022,339213065.5,7592056.076
7/20/2022,340235888.8,7587776.29
7/21/2022,319637427.6,7577938.066
7/22/2022,343275616.4,7973881.913
7/23/2022,327292219.5,7973013.874
7/24/2022,321391970.7,7961158.551
7/25/2022,325937461.6,7955515.295
7/26/2022,311823382.2,7956707.89
7/27/2022,287536578.9,7932043.555
7/28/2022,320366809,7965360.741
7/29/2022,342853281.2,7978898.796
7/30/2022,334736794.2,7943445.519
7/31/2022,349389505.7,7980573.451
8/1/2022,340985867.5,8004363.088
8/2/2022,334720681.9,8032653.754
8/3/2022,312481509.6,7827693.126
8/4/2022,312419031.3,7990256.554
8/5/2022,311860003,8002566.154
8/6/2022,327057171,8081471.98
8/7/2022,320064264.2,8027696.618
8/8/2022,324078617,7933381.077
8/9/2022,335165783.9,7925414.611
8/10/2022,314260471.5,7941887.073
8/11/2022,328295930.7,7686629.142
8/12/2022,329561934.4,7673153.304
8/13/2022,358854200,7649844.384
8/14/2022,355177268.9,7594125.911
8/15/2022,340103142.5,7469869.152
8/16/2022,338952783.6,7754582.1
8/17/2022,337725044.9,7724726.553
8/18/2022,326013250.4,7996400.551
8/19/2022,309123484.2,8004233.149
8/20/2022,296127894.7,8086507.227
8/21/2022,274387216.1,7773008.954
8/22/2022,282791458.2,7773267.132
8/23/2022,273964307.9,7769832.896
8/24/2022,274659698.1,7818380.248
8/25/2022,276110033.4,7812960.764
8/26/2022,272731281.6,7810174.159
8/27/2022,249238014.6,7837673.414
8/28/2022,246175855.2,7837499.37
8/29/2022,237390620.5,7850218.933
8/30/2022,253002172.4,7854770.953
8/31/2022,250586029.7,7862755.873
9/1/2022,244375277.4,7782652.147
9/2/2022,236890543.7,7541882.956
9/3/2022,235708265.6,7542664.5
9/4/2022,233206596.2,7486568.097
9/5/2022,245063332.2,7603578.412
9/6/2022,249151678.2,7493283.554
9/7/2022,242839802.4,7805843.857
9/8/2022,254492388,7816105.283
9/9/2022,267958881.9,7828188.195
9/10/2022,270517532.1,7813909.071
9/11/2022,273273090.7,7814500.735
9/12/2022,270184352.6,7808796.318
9/13/2022,292070656.8,7811464.478
9/14/2022,258634487.2,7806655.214
9/15/2022,265514598.6,7836912.591
9/16/2022,259435582.8,7842671.789
9/17/2022,256901463.2,7853912.052
9/18/2022,264660576.3,7837150.617
9/19/2022,247041438,7817767.026
9/20/2022,252873724.9,7759242.864
9/21/2022,246711726.9,7768001.477
9/22/2022,240187728.9,7828804.723
9/23/2022,251629073.4,7780738.201
9/24/2022,264651058,7885907.569
9/25/2022,263727891.8,7870125.09
9/26/2022,252507074.8,7800651.059
9/27/2022,268984928.9,7858163.275
9/28/2022,257944098,7845015.145
9/29/2022,259699666.2,7841173.496
9/30/2022,266980568.2,7850060.81
10/1/2022,258991456.9,7862521.461
10/2/2022,257178633.3,7862385.611
10/3/2022,253723875.1,7891877.918
10/4/2022,259858030.7,7884042.193
10/5/2022,271412514.8,7994477.607
10/6/2022,268912970.8,7960715.535
10/7/2022,267217912.7,7960021.23
10/8/2022,263983417.2,8011636.333
10/9/2022,260506983.3,7998372.222
10/10/2022,262869892.5,7939290.019
10/11/2022,252661342.6,8010822.531
10/12/2022,249518733.2,8028273.269
10/13/2022,240105431.9,7710514.833
10/14/2022,234730735.7,7680979.57
10/15/2022,230242448.4,7669635.19
10/16/2022,218340608.1,7324408.189
10/17/2022,220483199.2,7339653.767
10/18/2022,229643579.5,7325154.05
10/19/2022,208693248.6,6954123.579
10/20/2022,218319205.2,7614900.773
10/21/2022,214999576.5,7700557.896
10/22/2022,211569472.1,7526484.246
10/23/2022,214394543,7632415.202
10/24/2022,225043729.6,7709617.322
10/25/2022,210199738.4,7419687.202
10/26/2022,239076871.2,7692306.024
10/27/2022,240842091.2,7697094.638
10/28/2022,235884274.4,7671033.313
10/29/2022,242604847.7,7607552.452
10/30/2022,252078830.5,7685330.197
10/31/2022,251189634.8,7693403.821
11/1/2022,248486460.5,7605952.266
11/2/2022,248116798.9,7698318.304
11/3/2022,237667508,7627326.956
11/4/2022,241938541.5,7759414.416
11/5/2022,268139802.2,7828899.334
11/6/2022,285889906.6,7817607.508
11/7/2022,254220772.3,7836645.261
11/8/2022,231213701.3,7798101.226
11/9/2022,178426903.8,7621824.169
11/10/2022,115793326.7,7740195.638
11/11/2022,126200065.9,7073994.725
11/12/2022,114565384.9,7045841.632
11/13/2022,102411565.1,7009689.602
11/14/2022,88546670.07,6901533.131
11/15/2022,97876621.98,6868534.876
11/16/2022,96206926.79,6765606.666
11/17/2022,96939123.03,6703950.417
11/18/2022,93108188.58,6781368.433
11/19/2022,88526315.88,6742293.67
11/20/2022,86744954.43,6771659.206
11/21/2022,82926575.42,6758482.104
11/22/2022,78026608.26,6578972.028
11/23/2022,85093512.99,6742750.633
11/24/2022,95578507.03,6745131.054
11/25/2022,96338681.68,6746406.28
11/26/2022,95638338.29,6687995.685
11/27/2022,95510567.8,6773799.135
11/28/2022,94963923.27,6749390.425
11/29/2022,90033923.3,6789888.635
11/30/2022,93736025.16,6797391.237
12/1/2022,96080700,6862907.143
12/2/2022,93764629.18,6874239.676
12/3/2022,93366999.63,6830065.811
12/4/2022,92747569.61,6875283.144
12/5/2022,95964675.84,6844841.358
12/6/2022,92081521.06,6596097.497
12/7/2022,94178305.78,6622946.961
12/8/2022,89724607.62,6641347.714
12/9/2022,90727988.44,6641873.239
12/10/2022,90430442.14,6639533.197
12/11/2022,89931154.57,6617450.667
12/12/2022,88944997.84,6632736.603
12/13/2022,87593050.76,6600832.763
12/14/2022,91745568.11,6595655.507
12/15/2022,93601520.44,6600953.486
12/16/2022,93002143.66,6595896.713
12/17/2022,81364963.14,6604298.956
12/18/2022,82144290.92,6603238.82
12/19/2022,82485163.43,6604096.352
12/20/2022,79943636.48,6606912.106
12/21/2022,81126517.89,6627983.488
12/22/2022,80982114.66,6654241.139
12/23/2022,76813512.58,6476687.401
12/24/2022,78294719.17,6657714.215
12/25/2022,75767270.73,6594192.405
12/26/2022,75148197.05,6656173.344
12/27/2022,74770806.4,6628617.589
12/28/2022,73440458.88,6652215.478
12/29/2022,65300415.79,6656515.371
12/30/2022,65954028.87,6582238.411
12/31/2022,65050796.77,6564157.091
1/1/2023,64387254.18,6438725.418
1/2/2023,64900716.71,6549012.786
1/3/2023,73587476.37,6512166.05
1/4/2023,87552448.69,6442417.122
1/5/2023,85213146.99,6431180.905
1/6/2023,87443030.43,6472467.093
1/7/2023,86607348.64,6448797.367
1/8/2023,85425013.41,6596526.132
1/9/2023,97821193.44,6582852.856
1/10/2023,108564928.1,6583682.725
1/11/2023,105673359.5,6539193.04
1/12/2023,111559444.2,6589453.292
1/13/2023,108381508.7,6588541.561
1/14/2023,127891586.5,6388191.132
1/15/2023,154086022.1,6531836.459
1/16/2023,150479622.1,6531233.597
1/17/2023,147876629.5,6387759.374
1/18/2023,145129845.3,6382139.194
1/19/2023,131525630.5,6224592.071
1/20/2023,134628624.5,6359405.974
1/21/2023,159624363.8,6357003.735
1/22/2023,158158104.1,6331389.275
1/23/2023,154186840.2,6321723.664
1/24/2023,152733085.9,6308677.65
1/25/2023,144410737.5,6306145.74
1/26/2023,156189720.4,6320911.39
1/27/2023,151182986.5,6301916.902
1/28/2023,155371362.2,6300541.856
1/29/2023,152707187.7,6268767.969
1/30/2023,165103241.3,6299246.139
1/31/2023,151071802.2,6313071.551
2/1/2023,151095499.3,6335241.061
2/2/2023,162103835.3,6337131.95
2/3/2023,154327824.6,6337898.341
2/4/2023,156043798.9,6322682.291
2/5/2023,153172983.2,6329462.115
2/6/2023,147227232.9,6222621.847
2/7/2023,143905813.1,6336671.647
2/8/2023,152184842.4,6314723.75
2/9/2023,146585057.2,6337443.024
2/10/2023,129417693.7,6353347.752
2/11/2023,129988937.4,6378259.93
2/12/2023,131959840.9,6371793.381
2/13/2023,134380707.5,6308953.403
2/14/2023,132828514.2,6367618.128
2/15/2023,137626092.6,6365684.207
2/16/2023,150644884.2,6369762.547
2/17/2023,143401164.9,6362074.751
2/18/2023,147419874.3,6321606.961
2/19/2023,148772168.8,6319973.184
2/20/2023,155096479.2,6325305.026
2/21/2023,166586087.7,6317257.782
2/22/2023,156920573.4,6322343.813
2/23/2023,153135135.6,6372664.819
2/24/2023,151874766.1,6373259.171
2/25/2023,147734692,6384385.999
2/26/2023,142376997.2,6384618.708
2/27/2023,143947914.1,6226120.853
2/28/2023,144591952.9,6389392.528
3/1/2023,137810727.6,6324494.152
3/2/2023,143344782.5,6390761.59
3/3/2023,139916121.3,6391782.607
3/4/2023,137423447.6,6400719.497
3/5/2023,135826467.1,6406908.826
3/6/2023,133765143.4,6363708.058
3/7/2023,132287943.5,6409299.588
3/8/2023,129731837.6,6384440.827
3/9/2023,119001473.8,6429036.941
3/10/2023,110120424.7,6447331.658
3/11/2023,117163430.8,6434015.969
3/12/2023,115304182.5,6423631.339
3/13/2023,130694213.5,6409721.115
3/14/2023,130452282.8,6372852.114
3/15/2023,132240304.9,6324261.354
3/16/2023,122604160.7,6359136.967
3/17/2023,124464711.4,6356726.835
3/18/2023,140761565.8,6354923.964
3/19/2023,137347570.8,6352801.61
3/20/2023,138547598.1,6311963.465
3/21/2023,142541509.7,6332363.823
3/22/2023,139297976.4,6246546.029
3/23/2023,136392830,6323265.182
3/24/2023,140403726.4,6324492.18
3/25/2023,131541370.6,6321065.38
3/26/2023,129438069.3,6317133.688
3/27/2023,131880866.6,6298035.652
3/28/2023,125661562.3,6330557.294
3/29/2023,130058427.7,6341220.267
3/30/2023,133729569.6,6334891.977
3/31/2023,129139455.5,6247675.64
4/1/2023,135142705.6,6362650.921
4/2/2023,133555260.9,6365837.03
4/3/2023,130530248.8,6361123.234
4/4/2023,130019381,6367256.658
4/5/2023,135369708.3,6367342.815
4/6/2023,132647103.3,6377264.583
4/7/2023,128178617.1,6186226.694
4/8/2023,130636476.5,6384969.525
4/9/2023,128520882.6,6387717.823
4/10/2023,130194465.6,6404056.351
4/11/2023,134059812.5,6408212.835
4/12/2023,145716761.7,6203352.988
4/13/2023,152936964.1,6399036.157
4/14/2023,155991037,6302668.163
4/15/2023,157256933.7,6416031.567
4/16/2023,155375010.6,6417802.999
4/17/2023,160424075.4,6424672.623
4/18/2023,156846118.7,6407112.691
4/19/2023,158778314.6,6423070.979
4/20/2023,147734724.5,6420457.388
4/21/2023,143657030.4,6421860.991
4/22/2023,136084570.6,6425144.974
4/23/2023,138833815.5,6430468.527
4/24/2023,138622287.8,6429605.184
4/25/2023,136636571.9,6436013.749
4/26/2023,137613792.6,6303884.225
4/27/2023,141139260.2,6441773.63
4/28/2023,109113554.8,4873316.425
4/29/2023,113380562.5,4872392.026
4/30/2023,112541215.2,4855099.881
5/1/2023,111332419.9,4880860.146
5/2/2023,107223962,4884918.543
5/3/2023,106519673.8,4828634.352
5/4/2023,108595215.7,4852333.14
5/5/2023,105846794,4855357.523
5/6/2023,112123981.4,4864380.973
5/7/2023,106980551.2,4864963.676
5/8/2023,105934536.3,4872793.76
5/9/2023,100020016.8,4869523.698
5/10/2023,101004123.8,4855967.492
5/11/2023,101417873,4889964.948
5/12/2023,99967046.71,4939083.336
5/13/2023,104345335.7,4990212.133
5/14/2023,103664263.9,4995868.137
5/15/2023,99429422.15,4812653.541
5/16/2023,105024770,4998799.143
5/17/2023,103498015.3,4983053.218
5/18/2023,105261502,5012452.477
5/19/2023,102423932.2,5033117.061
5/20/2023,101928852.1,5040991.695
5/21/2023,102619338,5047680.179
5/22/2023,98509547.07,5054363.626
5/23/2023,98820614.21,5059939.284
5/24/2023,100319263.9,5033580.726
5/25/2023,96773160.95,5064006.329
5/26/2023,98485651.49,5124123.387
5/27/2023,99299411.19,5126453.856
5/28/2023,105542285.3,5101125.436
5/29/2023,106481774.5,5097260.625
5/30/2023,105708107.4,5136448.367
5/31/2023,115496735.3,5422381.94
6/1/2023,112786239.1,5438102.177
6/2/2023,111529255.4,5342496.28
6/3/2023,116578418.5,5401294.852
6/4/2023,116367700.8,5417319.305
6/5/2023,121219538.7,5427496.484
6/6/2023,110235196.2,5432605.051
6/7/2023,116842574.2,5611226.201
6/8/2023,107140347.7,5609133.643
6/9/2023,107598371.9,5609654.472
6/10/2023,103040002.4,5957986.946
6/11/2023,94394210.7,5986144.694
6/12/2023,93819691.58,5960651.809
6/13/2023,94458592.68,6178294.379
6/14/2023,94457592.02,6178294.379
6/15/2023,92995534.23,6268156.026
6/16/2023,93550570.81,6267683.56
6/17/2023,96659467.31,6233186.478
6/18/2023,98837767.69,6259064.883
6/19/2023,95661221.39,6090146.352
6/20/2023,102629866.6,6241010.692
6/21/2023,105833403.6,6212673.087
6/22/2023,111875588.5,6270301.685
6/23/2023,105491216.3,6237592.399
6/24/2023,110957842.3,6289656.567
6/25/2023,106993727.1,6318896.341
6/26/2023,108308102.9,6324829.396
6/27/2023,104143230.9,6291356.373
6/28/2023,104433150.6,6304930.562
6/29/2023,102800717,6358267.927
6/30/2023,118020469.1,6390390.562
7/1/2023,121957156.9,6383085.297
7/2/2023,118020932.4,6173260.607
7/3/2023,125007056.2,6371459.405
7/4/2023,125341629.7,6372333.884
7/5/2023,119491855.1,6129707.621
7/6/2023,124920966.6,6479303.246
7/7/2023,130274776.2,6484558.297
7/8/2023,140429525.4,6498358.417
7/9/2023,142423571.4,6500391.208
7/10/2023,137239269,6498071.45
7/11/2023,138374551.8,6499509.243
7/12/2023,142955599.8,6445247.962
7/13/2023,140903260.6,6463452.322
7/14/2023,190618353.9,6472609.641
7/15/2023,176952995.3,6462855.928
7/16/2023,178040077.5,6469479.56
7/17/2023,179444511.4,6450198.108
7/18/2023,174085620.6,6461975.523
7/19/2023,167193045,6437930.11
7/20/2023,170938566.3,6470044.145
7/21/2023,163416108.1,6482193.897
7/22/2023,167558957.5,6484479.779
7/23/2023,157933713.4,6496656.247
7/24/2023,160355455,6479008.282
7/25/2023,143790779.8,6179234.198
7/26/2023,151234661.8,6499125.991
7/27/2023,160451569,6402696.289
7/28/2023,164378816.3,6497186.415
7/29/2023,162316201.6,6508267.906
7/30/2023,163380785.1,6504012.146
7/31/2023,159416756.3,6509463.302
8/1/2023,155668102.5,6510585.635
8/2/2023,156412688,6511768.859
8/3/2023,150308680.2,6484412.431
8/4/2023,146258820.3,6457343.062
8/5/2023,146571464.7,6468290.587
8/6/2023,146595889.8,6463663.573
8/7/2023,149424316,6479805.549
8/8/2023,150932784.6,6522592.245
8/9/2023,159023042.5,6525360.791
8/10/2023,157546457.1,6483393.296
8/11/2023,160502403.1,6492815.661
8/12/2023,160317339.1,6490580.528
8/13/2023,161449786.7,6494359.884
8/14/2023,157499394.2,6494820.378
8/15/2023,163805855.5,6500232.362
8/16/2023,155504095.5,6503726.288
8/17/2023,149714837.6,6515005.989
8/18/2023,143457829.1,6553578.305
8/19/2023,141554436.6,6571700.864
8/20/2023,144097348.4,6579787.596
8/21/2023,141853263,6570322.51
8/22/2023,139225777.2,6567253.641
8/23/2023,112405578,5472520.837
8/24/2023,118953971.4,5471663.815
8/25/2023,114230977.5,5449951.218
8/26/2023,110584611.5,5452890.113
8/27/2023,109442502.4,5401900.416
8/28/2023,111731947.1,5382078.377
8/29/2023,110691788.6,5383841.857
8/30/2023,117011902,5360142.1
8/31/2023,111695177.7,5364802.001
9/1/2023,105661410.2,5320312.699
9/2/2023,103275443.7,5323476.481
9/3/2023,103673125.5,5319298.382
9/4/2023,104323936.7,5319935.577
9/5/2023,103508940.6,5327274.35
9/6/2023,107761430.5,5329447.6
9/7/2023,103907508.5,5298700.078
9/8/2023,105768370.3,5299016.55
9/9/2023,103194363.4,5275785.452
9/10/2023,103225602.4,5342940.084
9/11/2023,95893699.95,5289227.797
9/12/2023,94898999.36,5364556.21
9/13/2023,96249135.19,5332362.06
9/14/2023,99622144.53,5344535.651
9/15/2023,100900351.7,5347130.453
9/16/2023,102319022.4,5326341.614
9/17/2023,101010303,5327547.624
9/18/2023,99113522.09,5305863.067
9/19/2023,104546072.1,5325831.486
9/20/2023,105939407.8,5310246.003
9/21/2023,107295445.3,5306401.842
9/22/2023,103177466.7,5312948.852
9/23/2023,103361209.7,5295143.937
9/24/2023,103553204.3,5296839.092
9/25/2023,101624834.1,5276471.139
9/26/2023,102000841.2,5276815.374
9/27/2023,107908576.2,5667467.236
9/28/2023,107811385.9,5606416.325
9/29/2023,111461772.1,5587056.246
9/30/2023,113586522.7,5589887.929
10/1/2023,118470515.3,5572460.739
10/2/2023,132239433.1,5575018.257
10/3/2023,130316954.1,5559597.019
10/4/2023,129736411.5,5537192.127
10/5/2023,127714109.4,5481292.249
10/6/2023,126316728,5501599.652
10/7/2023,129780867.9,5503853.599
10/8/2023,127745972.7,5468577.597
10/9/2023,131252922.2,5650147.316
10/10/2023,124436573.4,5635714.373
10/11/2023,124302412.7,5579102.902
10/12/2023,122871201.1,5595227.738
10/13/2023,119932507.8,5601705.175
10/14/2023,122487462.2,5598147.268
10/15/2023,120587474.7,5506277.381
10/16/2023,122783940.4,5581088.201
10/17/2023,133915106.2,5584449.8
10/18/2023,133703476.9,5580278.667
10/19/2023,131315450.6,5587891.516
10/20/2023,140003869.3,5613627.479
10/21/2023,224212469.4,8345119.643
10/22/2023,244897692.9,8329853.5
10/23/2023,240911882.2,8353393.974
10/24/2023,266342572.8,8353856.887
10/25/2023,253709019.5,8398180.055
10/26/2023,274219326.9,8421969.498
10/27/2023,275091665.8,8435806.986
10/28/2023,270300162.3,8452162.672
10/29/2023,268174630.2,8473132.075
10/30/2023,277221441.9,8459822.14
10/31/2023,317459683.6,8694652.149
11/1/2023,332153984.2,8683764.294
11/2/2023,365287345.5,8768299.22
11/3/2023,354175130,8841116.575
11/4/2023,370675722.6,8823671.27
11/5/2023,368171085,8837613.504
11/6/2023,356107993.8,8828851.991
11/7/2023,369471321.6,8853000.547
11/8/2023,384011707.5,8915990.424
11/9/2023,387457356.6,8989729.852
11/10/2023,414312182.7,9075841.898
11/11/2023,515647648.3,9097523.789
11/12/2023,521337908.8,9107929.923
11/13/2023,512907564.5,9131343.502
11/14/2023,486775819,9115652.042
11/15/2023,521163266.4,9122409.704
11/16/2023,598119679.7,9112121.872
11/17/2023,528568776.4,9154291.244
11/18/2023,535282070.9,9165788.886
11/19/2023,532652760,9182085.158
11/20/2023,554999100,9199388.364
11/21/2023,523950102.2,9271812.108
11/22/2023,485565826.3,9298464.694
11/23/2023,536302394.8,9332044.082
11/24/2023,529050678.2,9355449.658
11/25/2023,533362362.6,9376975.433
11/26/2023,550428166.5,9397783.277
11/27/2023,544308345.4,9408960.162
11/28/2023,521943542.9,9453786.323
11/29/2023,556493642.1,9555179.294
11/30/2023,569398747,9587637.171
12/1/2023,567959426,9606270.049
12/2/2023,577873348.3,9652135.431
12/3/2023,618422963.3,9681010.697
12/4/2023,613421224.7,9732210.451
12/5/2023,601256489.5,9789262.283
12/6/2023,606016345.1,9829291.254
12/7/2023,613027067.3,9890723.9
12/8/2023,686941397.5,10091690.87
12/9/2023,774524591.7,10325617.81
12/10/2023,752544061.9,10400000.86
12/11/2023,788463502.9,10621346.77
12/12/2023,756126845.8,10751128.19
12/13/2023,736340827.9,10747932.1
12/14/2023,767442802.5,10833160.83
12/15/2023,818004170.9,10814439.07
12/16/2023,791041925.7,10824328.48
12/17/2023,790374799.3,10731497.61
12/18/2023,767906698.3,10704024.23
12/19/2023,796224103.8,10709133.88
12/20/2023,789135322.1,10814517.23
12/21/2023,887725315.3,10829566.42
12/22/2023,1025369823,10874640.18
12/23/2023,1058009129,10943412.59
12/24/2023,1179412302,10948870.24
12/25/2023,1215085153,10894921.73
12/26/2023,1302391340,10805743.09
12/27/2023,1191181696,10755011.97
12/28/2023,1159130332,10741023.24
12/29/2023,1078405966,10764464.2
12/30/2023,1167149650,10994839.58
12/31/2023,1132412675,11042043.61
1/1/2024,1134758604,11112300.84
1/2/2024,1219336344,11021277.42
1/3/2024,1169151285,10973824.72
1/4/2024,1086771507,10882965.59
1/5/2024,1113721883,10687854.11
1/6/2024,1059289485,10697732.63
1/7/2024,1018232970,10709063.83
1/8/2024,957332023.2,10771123.36
1/9/2024,1032608330,10697278.88
1/10/2024,1052475163,10671668.01
1/11/2024,1078211382,10628558.74
1/12/2024,1051153331,10534421.49
1/13/2024,960172634.3,10437133.17
1/14/2024,992657460.7,10445416.1
1/15/2024,996189566.9,10439074.71
1/16/2024,987600109.2,10399074.54
1/17/2024,1035918279,10405276.48
1/18/2024,1061561655,10423818.29
1/19/2024,983320451.8,10441971.45
1/20/2024,967459199.1,10418348.27
1/21/2024,959351875.4,10409634.06
1/22/2024,946911268.8,10420504.77
1/23/2024,875507920.7,10423617.76
1/24/2024,882477944.4,10434255.87
1/25/2024,932816285.4,10496413.7
1/26/2024,909882183.3,10470450.9
1/27/2024,969337049.5,10489982.77
1/28/2024,981442352,10437553.58
1/29/2024,1004321658,10459815.93
1/30/2024,1064340785,10468582.52
1/31/2024,1057374342,10498819.58
2/1/2024,1011190187,10435027.77
2/2/2024,1041217455,10517348.03
2/3/2024,1064604216,10548991.44
2/4/2024,1020166729,10491225.1
2/5/2024,993825617.8,10375045.6
2/6/2024,1005236501,10527138.98
2/7/2024,1021325244,10543256.37
2/8/2024,1073062716,10519191.42
2/9/2024,1093374328,10557882.66
2/10/2024,1143044861,10612244.56
2/11/2024,1158646183,10646385.95
2/12/2024,1158323858,10647337.61
2/13/2024,1222006945,10638173.11
2/14/2024,1201742946,10669829.94
2/15/2024,1257287490,10713297.65
2/16/2024,1264242609,11158463.04
2/17/2024,1237119409,11186539.55
2/18/2024,1222986566,11188240.47
2/19/2024,1257537033,11194027.36
2/20/2024,1249418259,11204540.03
2/21/2024,1209246688,11208144.29
2/22/2024,1167666692,11199565.43
2/23/2024,1143918981,11199520.09
2/24/2024,1121533334,11206368.24
2/25/2024,1155398795,11157883.1
2/26/2024,1155677622,11167046.31
2/27/2024,1229265942,11180226.85
2/28/2024,1212633662,11191819.68
2/29/2024,1331727715,11197576.01
3/1/2024,1387976223,10751171.36
3/2/2024,1349241969,10328729.77
3/3/2024,1340945449,10340418.33
3/4/2024,1386799933,10427851.22
3/5/2024,1381659235,10442591.15
3/6/2024,1316646927,10415686.47
3/7/2024,1350889597,10305820.75
3/8/2024,1426007238,9794678.467
3/9/2024,1430822279,9814269.011
3/10/2024,1434074877,9816379.47
3/11/2024,1407683191,9832936.513
3/12/2024,1460770916,9825593.032
3/13/2024,1553995471,10348930.95
3/14/2024,1699758468,10212439.73
3/15/2024,1851445049,10315031.75
3/16/2024,1903476889,10439735.04
3/17/2024,1939913057,10392205.8
3/18/2024,2079393659,10409980.77
3/19/2024,2014478474,10253322.23
3/20/2024,1773781910,10258150.21
3/21/2024,1908776012,10026426.96
3/22/2024,1771572738,9914776.402
3/23/2024,1730118396,9924267.402
3/24/2024,1765944292,10068050.22
3/25/2024,1848666257,10121142.38
3/26/2024,1925942356,10144572.82
3/27/2024,1913946032,10051182.31
3/28/2024,1873287266,10116580.79
3/29/2024,1930386205,10142844.71
3/30/2024,1957994982,10174809.67
3/31/2024,1996874936,10190737.11
4/1/2024,2041421011,10211189.53
4/2/2024,2001028149,10379315.05
4/3/2024,1911659028,10358488.37
4/4/2024,1945005216,10475602.55
4/5/2024,1913198649,10494781.4
4/6/2024,1821973127,10387532.08
4/7/2024,1843602797,10389421.23
4/8/2024,1843870435,10356495.36
4/9/2024,1871211229,10356493.41
4/10/2024,1806093973,10382237.14
4/11/2024,1817771729,10388454.27
4/12/2024,1806586241,10448734.77
4/13/2024,1582752122,10416269.31
4/14/2024,1394438245,10431961.49
4/15/2024,1573151348,10405128.3
4/16/2024,1449797315,10480715.07
4/17/2024,1423218398,10420401.22
4/18/2024,1401515009,10405486.74
4/19/2024,1434303129,10174527.41
4/20/2024,1495941231,10349532.78
4/21/2024,1559065634,10349612.55
4/22/2024,1539347118,10299391.93
4/23/2024,1609737389,10307673.83
4/24/2024,1606420251,10257456.42
4/25/2024,1520345893,10255284.27
4/26/2024,1467536904,10045055.9
4/27/2024,1417991483,10051068.92
4/28/2024,1410523735,10061896.56
4/29/2024,1389715052,9842174.592
4/30/2024,1396228041,587823886
5/1/2024,1361616500,588001085.3
5/2/2024,1383149904,587799356.6
5/3/2024,1437088213,587990368.7
5/4/2024,1447125897,587808962.2
5/5/2024,1461959322,587818380.5
5/6/2024,1458276238,587844231.2
5/7/2024,1548452509,10064617.47
5/8/2024,1534595845,10191163.96
5/9/2024,1449099022,10210675.18
5/10/2024,1513294803,9991382.565
5/11/2024,1486854294,10173481.32
5/12/2024,1480743694,10169942.95
5/13/2024,1456088741,10154649.6
5/14/2024,1499272172,10145298.23
5/15/2024,1429491316,9999939.255
5/16/2024,1542989052,9885492.603
5/17/2024,1572893225,9953130.574
5/18/2024,1668347168,9933594.335
5/19/2024,1708262209,9924256.14
5/20/2024,1692504211,9930498.875
5/21/2024,1698108781,9167083.298
5/22/2024,1631339155,9150775.967
5/23/2024,1581096370,8796885.605
5/24/2024,1537661034,8638448.034
5/25/2024,1464010835,8742525.811
5/26/2024,1438242258,8598773.854
5/27/2024,1408750314,8629890.884
5/28/2024,1433316340,8421365.103
5/29/2024,1430186711,8447647.434
5/30/2024,1430926981,8462016.445
5/31/2024,1410857925,8455846.122
6/1/2024,1389022738,8354521.462
6/2/2024,1409367170,8444225.08
6/3/2024,1371709184,8418590.218
6/4/2024,1374133407,8314643.398
6/5/2024,1416965073,8324974.145
6/6/2024,1442088285,8319278.737
6/7/2024,1411270476,8302079.395
6/8/2024,1339974994,8244639.637
6/9/2024,1299150992,8247530.424
6/10/2024,1331118870,8220335.146
6/11/2024,1309035466,8210207.39
6/12/2024,1206622317,8101034.251
6/13/2024,1264893547,8176841.738
6/14/2024,1196528720,8128638.81
6/15/2024,1159948237,8116058.822
6/16/2024,1178309786,8123845.971
6/17/2024,1216335217,8128912.579
6/18/2024,1146374825,8023245.14
6/19/2024,1101876166,8023766.789
6/20/2024,1068638231,7989942.465
6/21/2024,1102329499,8239583.976
6/22/2024,1099926133,8226522.569
6/23/2024,1106534616,8233487.317
6/24/2024,1070566246,8207126.005
6/25/2024,1071100852,8175132.151
6/26/2024,1132942480,8223243.969
6/27/2024,1128195628,8205189.319
6/28/2024,1226565146,8193915.467
6/29/2024,1149422917,8204207.683
6/30/2024,1152685160,8199954.228
7/1/2024,1202224778,8211695.557
7/2/2024,1209283182,8205109.575
7/3/2024,1258176732,8194367.738
7/4/2024,1156079861,8202535.419
7/5/2024,1102002373,8184495.962
7/6/2024,1105665108,8196969.515
7/7/2024,1149587291,8024313.721
7/8/2024,1085718293,8058025.583
7/9/2024,1117583916,7947814.571
7/10/2024,1137267414,8020597.545
7/11/2024,1131190472,8021719.976
7/12/2024,1090551380,7987186.561
7/13/2024,1104199706,7997312.743
7/14/2024,1115932692,7965412.667
7/15/2024,1180807806,7967981.715
7/16/2024,1224213859,7827966.08
7/17/2024,1276337943,7974968.236
7/18/2024,1249288052,7981351.764
7/19/2024,1249608185,7891715.351
7/20/2024,1330515078,7891935.309
7/21/2024,1371606616,7859921.528
7/22/2024,1453261541,7897197.296
7/23/2024,1425057342,7923768.786
7/24/2024,1374895492,7959050.919
7/25/2024,1417692277,7964026.482
7/26/2024,1365177897,7939180.066
7/27/2024,1442723983,7908634.561
7/28/2024,1474834622,7938274.136
7/29/2024,1461614327,7938408.662
7/30/2024,1461950111,7932031.638
7/31/2024,1418600349,7913844.072
8/1/2024,1364510179,7929103.551
8/2/2024,1318898013,7916764.344
8/3/2024,1226680807,7947088.068
8/4/2024,1137197639,7976793.372
8/5/2024,1112809200,7877693.548
8/6/2024,1044351603,7887580.056
8/7/2024,1160076988,7843159.244
8/8/2024,1130639515,7769018.148
8/9/2024,1224845451,7745654.154
8/10/2024,1178506346,7681007.821
8/11/2024,1191062608,7698938.694
8/12/2024,1094257601,7614543.005
8/13/2024,1096748183,7614290.724
8/14/2024,1118722284,7583914.168
8/15/2024,806771775.7,5604055.221
8/16/2024,1086401360,7676393.463
8/17/2024,1074127513,7666923.073
8/18/2024,1086468041,7676476.771
8/19/2024,1109570295,7643205.961
8/20/2024,1101906222,7667926.233
8/21/2024,1090070615,7617316.98
8/22/2024,1094059888,7619230.893
8/23/2024,1089847088,7606752.654
8/24/2024,1158916368,7599877.898
8/25/2024,1203051765,7586690.499
8/26/2024,1222187641,7586772.271
8/27/2024,1199375615,7598004.58
8/28/2024,1117929748,7607682.72
8/29/2024,1087947213,7586781.366
8/30/2024,1059936063,7609019.375
8/31/2024,1045733157,7632723.135
9/1/2024,1022367372,7524694.179
9/2/2024,993892426.9,7521907.735
9/3/2024,1009161229,7513417.61
9/4/2024,980674728.1,7547102.752
9/5/2024,1008985173,7534527.331
9/6/2024,976529020.6,7536721.388
9/7/2024,937705279,7542704.027
9/8/2024,956771354.5,7544913.689
9/9/2024,980597133.9,7524056.209
9/10/2024,1018604859,7536398.814
9/11/2024,1019646980,7509995.704
9/12/2024,992913408.2,7490696.99
9/13/2024,1015938376,7499378.549
9/14/2024,1051005583,7533920.847
9/15/2024,1034088803,7542399.739
9/16/2024,993437188.2,7520933.917
9/17/2024,985710342.9,7527232.104
9/18/2024,999326673.1,7566274.414
9/19/2024,995647658.5,7570751.625
9/20/2024,1076543011,7597921.894
9/21/2024,1119396091,7603887.963
9/22/2024,1123823166,7591689.659
9/23/2024,1082358943,7593518.05
9/24/2024,1088040838,7545017.532
9/25/2024,1134201871,7556379.614
9/26/2024,1179419955,7908049.603
9/27/2024,1224897420,7862709.042
9/28/2024,1246279710,7890241.47
9/29/2024,1231976821,7867740.13
9/30/2024,1257149633,7902050.639
10/1/2024,1231962483,7896315.25
10/2/2024,1156101151,7918121.446
10/3/2024,1111306731,7925004.927
10/4/2024,1088331630,7948849.472
10/5/2024,1138545602,7949612.895
10/6/2024,1130170633,7925252.248
10/7/2024,1153614337,7955343.627
10/8/2024,1161672068,7936052.552
10/9/2024,1142520071,7950215.922
10/10/2024,1117802838,8017780.136
10/11/2024,1116232332,8078154.669
10/12/2024,1162500154,7976175.058
10/13/2024,1173046546,8000055.985
10/14/2024,1184788834,8002507.407
10/15/2024,1242492255,7971295.32
10/16/2024,1226900386,7992022.933
10/17/2024,1233105665,7997944.197
10/18/2024,1205019015,8014650.899
10/19/2024,1237064343,8032700.797
10/20/2024,1256214030,7988513.526
10/21/2024,1318226514,8012706.917
10/22/2024,1354803398,8089592.874
10/23/2024,1378304277,8213730.187
10/24/2024,1392346138,8121256.259
10/25/2024,1455612403,8168411.948
10/26/2024,1347928638,8089311.296
10/27/2024,1391108168,8126917.725
10/28/2024,1446138577,8152083.722
10/29/2024,1456120916,8152176.397
10/30/2024,1474922615,8224431.774
10/31/2024,1445168020,8235401.721
11/1/2024,1394415688,8274581.109
11/2/2024,1388213807,8363661.715
11/3/2024,1387132603,8386555.367
11/4/2024,1365988739,8394363.231
11/5/2024,1315398689,8392832.806
11/6/2024,1399738935,8388076.022
11/7/2024,1549947473,8220560.769
11/8/2024,1613698584,8241960.705
11/9/2024,1631698337,8197184.757
11/10/2024,1630322939,8189864.156
11/11/2024,1717063854,8183527.822
11/12/2024,1803117289,8177023.996
11/13/2024,582984205.8,2708966.487
